{
 "0.1.0": 1206576000.0, 
 "0.1.1": 1207872000.0, 
 "0.1.2": 1210636800.0, 
 "0.1.3": 1214524800.0, 
 "0.16.0": 1201910400.0, 
 "0.18.0": 1221955200.0, 
 "0.18.1": 1225065600.0, 
 "0.19.0": 1232496000.0, 
 "0.19.1": 1237420800.0, 
 "0.19.2": 1241827200.0, 
 "0.19.3": 1243382400.0, 
 "0.2.0": 1218153600.0, 
 "0.2.1": 1221264000.0, 
 "0.20.0": 1252368000.0, 
 "0.20.1": 1255305600.0, 
 "0.20.2": 1258588800.0, 
 "0.20.3": 1264377600.0, 
 "0.20.4": 1273017600.0, 
 "0.20.5": 1277337600.0, 
 "0.20.6": 1280448000.0, 
 "0.89.20100621": 1277424000.0, 
 "0.89.20100924": 1286323200.0, 
 "0.90.0": 1295395200.0, 
 "0.90.1": 1297900800.0, 
 "0.90.2": 1302220800.0, 
 "0.90.3": 1305763200.0, 
 "0.90.4": 1312934400.0, 
 "0.90.5": 1324512000.0, 
 "0.90.6": 1331856000.0, 
 "0.92.0": 1327276800.0, 
 "0.92.1": 1331942400.0, 
 "0.92.2": 1347494400.0, 
 "0.94.0": 1336953600.0, 
 "0.94.1": 1344297600.0, 
 "0.94.10": 1374624000.0, 
 "0.94.11": 1376956800.0, 
 "0.94.12": 1379980800.0, 
 "0.94.13": 1383782400.0, 
 "0.94.14": 1385337600.0, 
 "0.94.15": 1388275200.0, 
 "0.94.16": 1390176000.0, 
 "0.94.17": 1393286400.0, 
 "0.94.18": 1395619200.0, 
 "0.94.19": 1398643200.0, 
 "0.94.2": 1349913600.0, 
 "0.94.20": 1401321600.0, 
 "0.94.21": 1404345600.0, 
 "0.94.22": 1407369600.0, 
 "0.94.23": 1409875200.0, 
 "0.94.24": 1412380800.0, 
 "0.94.25": 1416873600.0, 
 "0.94.26": 1419552000.0, 
 "0.94.27": 1427241600.0, 
 "0.94.3": 1354492800.0, 
 "0.94.4": 1357948800.0, 
 "0.94.5": 1360886400.0, 
 "0.94.6": 1363910400.0, 
 "0.94.6.1": 1365033600.0, 
 "0.94.7": 1366848000.0, 
 "0.94.8": 1369958400.0, 
 "0.94.9": 1372896000.0, 
 "0.95.0": 1365292800.0, 
 "0.95.1": 1370908800.0, 
 "0.95.2": 1376524800.0, 
 "0.96.0": 1382140800.0, 
 "0.96.1": 1387152000.0, 
 "0.96.1.1": 1387411200.0, 
 "0.96.2": 1396483200.0, 
 "0.98.0": 1392508800.0, 
 "0.98.1": 1396742400.0, 
 "0.98.10": 1423094400.0, 
 "0.98.10.1": 1423785600.0, 
 "0.98.11": 1425859200.0, 
 "0.98.12": 1429228800.0, 
 "0.98.12.1": 1432512000.0, 
 "0.98.13": 1434585600.0, 
 "0.98.14": 1440806400.0, 
 "0.98.15": 1444348800.0, 
 "0.98.16": 1447632000.0, 
 "0.98.16.1": 1448496000.0, 
 "0.98.17": 1453420800.0, 
 "0.98.18": 1458864000.0, 
 "0.98.19": 1461888000.0, 
 "0.98.2": 1399420800.0, 
 "0.98.20": 1465776000.0, 
 "0.98.21": 1471219200.0, 
 "0.98.22": 1473379200.0, 
 "0.98.23": 1476144000.0, 
 "0.98.24": 1483315200.0, 
 "0.98.3": 1402099200.0, 
 "0.98.4": 1405900800.0, 
 "0.98.5": 1407715200.0, 
 "0.98.6": 1410393600.0, 
 "0.98.6.1": 1410825600.0, 
 "0.98.7": 1413417600.0, 
 "0.98.8": 1416009600.0, 
 "0.98.9": 1419206400.0, 
 "0.99.0": 1411344000.0, 
 "0.99.1": 1413331200.0, 
 "0.99.2": 1417910400.0, 
 "1.0.0": 1424476800.0, 
 "1.0.1": 1430092800.0, 
 "1.0.1.1": 1432512000.0, 
 "1.0.2": 1440979200.0, 
 "1.0.3": 1453939200.0, 
 "1.1.0": 1431561600.0, 
 "1.1.0.1": 1432512000.0, 
 "1.1.1": 1435536000.0, 
 "1.1.10": 1493164800.0, 
 "1.1.11": 1497830400.0, 
 "1.1.12": 1503273600.0, 
 "1.1.13": 1512950400.0, 
 "1.1.2": 1441065600.0, 
 "1.1.3": 1453680000.0, 
 "1.1.4": 1458950400.0, 
 "1.1.5": 1463097600.0, 
 "1.1.6": 1473033600.0, 
 "1.1.7": 1476403200.0, 
 "1.1.8": 1481846400.0, 
 "1.1.9": 1488067200.0, 
 "1.2.0": 1456099200.0, 
 "1.2.1": 1459900800.0, 
 "1.2.10": 1547683200.0, 
 "1.2.11": 1551052800.0, 
 "1.2.2": 1468195200.0, 
 "1.2.3": 1473638400.0, 
 "1.2.4": 1478476800.0, 
 "1.2.5": 1490313600.0, 
 "1.2.6": 1496534400.0, 
 "1.2.6.1": 1528761600.0, 
 "1.2.7": 1537056000.0, 
 "1.2.8": 1539993600.0, 
 "1.2.9": 1543276800.0, 
 "1.3.0": 1484524800.0, 
 "1.3.1": 1492732800.0, 
 "1.3.2": 1520380800.0, 
 "1.3.2.1": 1528848000.0, 
 "1.3.3": 1545350400.0, 
 "1.4.0": 1513555200.0, 
 "1.4.1": 1517529600.0, 
 "1.4.2": 1519776000.0, 
 "1.4.3": 1522368000.0, 
 "1.4.4": 1525046400.0, 
 "1.4.5": 1529452800.0, 
 "1.4.6": 1532908800.0, 
 "1.4.7": 1535932800.0, 
 "1.4.8": 1538956800.0, 
 "1.4.9": 1544745600.0, 
 "1.5.0": 1554422400.0, 
 "2.0.0": 1524960000.0, 
 "2.0.0-alpha-1": 1497052800.0, 
 "2.0.0-alpha-2": 1503273600.0, 
 "2.0.0-alpha-3": 1505692800.0, 
 "2.0.0-alpha-4": 1510012800.0, 
 "2.0.0-beta-1": 1516060800.0, 
 "2.0.0-beta-2": 1520380800.0, 
 "2.0.1": 1529366400.0, 
 "2.0.2": 1535846400.0, 
 "2.0.3": 1543708800.0, 
 "2.0.4": 1546473600.0, 
 "2.0.5": 1553472000.0, 
 "2.1.0": 1531872000.0, 
 "2.1.1": 1540944000.0, 
 "2.1.2": 1546905600.0, 
 "2.1.3": 1550102400.0, 
 "2.1.4": 1553558400.0, 
 "hbase-2.0.0-alpha-4": 1509753600.0, 
 "hbase-thirdparty-1.0.0": 1499212800, 
 "hbase-thirdparty-1.0.1": 1503878400, 
 "hbase-thirdparty-2.1.0": 1522195200, 
 "hbase-thrirdparty-2.0.0": 1514246400, 
 "thirdparty-1.0.0": 1499126400.0, 
 "thirdparty-1.0.1": 1503878400.0, 
 "thirdparty-2.0.0": 1513900800.0, 
 "thirdparty-2.1.0": 1522195200.0
}